"","species","model","beta0","beta_j_1","beta_j_2","ln_tau","ln_kappa","ln_kappa2","ln_sigma_eta"
"1","j_ber_sk","diffusion",-3.09760423441297,6.08240924055934,-3.2084017027763,-3.47407851046638,1.77489338814386,1.92830177217536,0.495526243699398
"2","j_ber_sk","null",-7.28214872766321,0.578489138085158,-0.488420035102472,-2.54933200967203,0.00292273258158185,NA,0.448274919956479
"3","a_ber_sk","diffusion",-8.49437586068485,0.424220169101054,-0.525990252695626,-1.46670097138125,-1.30806389437463,3.00378903935994,0.274945109305411
"4","a_ber_sk","null",-8.62288503682944,0.243284852198177,-0.381836041689857,-1.47715333637898,-1.30381208019076,NA,0.274348833305943
"5","j_ak_sk","diffusion",-2.6411637714283,-0.98123974163482,-0.865471001815361,-0.730950672796461,-1.53896692164862,3.15597197036143,0.769049465809653
"6","j_ak_sk","null",-2.69552526207186,-0.956547660402633,-0.810791245589272,-0.737377113542543,-1.55787139392071,NA,0.769046849844962
"7","a_ak_sk","diffusion",-1.7469528677002,-0.315511208268639,-1.2261755269014,-0.776498099839552,-0.724134049405092,6.08578916756527,0.491342799539079
"8","a_ak_sk","null",-1.74731959815214,-0.316065495572628,-1.22521068817665,-0.776531812488576,-0.724071238642754,NA,0.491364628384146
"9","j_alt_sk","diffusion",-4.54032033915806,6.51146953010331,-1.60152871156735,-3.64389685984445,1.82228230078567,1.99402009957194,0.119657917861942
"10","j_alt_sk","null",-7.5586106010816,2.34747449558273,-0.403034096953407,-3.07864058374653,0.51673917174309,NA,0.104656343496773
"11","ej_atf","diffusion",-11.3213658555896,-7.18771451533887,-6.9168646713474,-1.66777479264272,-1.54078590737842,7.77426119371633,0.8169907247914
"12","ej_atf","null",-11.3193004805636,-7.18790543544985,-6.91694236010844,-1.66779882108581,-1.54054442482101,NA,0.816990750026071
"13","j_atf","diffusion",-5.51846650014151,0.352327977700514,-1.49760178722565,-1.48816047277337,-1.65584358547144,3.15213680258143,0.794119505862525
"14","j_atf","null",-5.8305786460664,0.0576184059410833,-1.17714778735275,-1.52261875539762,-1.63891305526094,NA,0.794003825853954
"15","a_atf","diffusion",-4.67531726726835,1.85720461202389,-1.34871418914514,-1.26435613368626,-1.53862229608433,3.60630375021282,0.6356906082231
"16","a_atf","null",-4.77466269617547,1.7262721418996,-1.24427476433621,-1.26847263331487,-1.55035005353816,NA,0.63566395426438
"17","j_kam","diffusion",-5.63391725193208,1.18506380540671,-0.746631418172391,-1.27264499635199,-1.54828870706399,2.93297906663566,0.736321159285485
"18","j_kam","null",-5.92167613692194,0.807180274961534,-0.505802451652117,-1.29947201127807,-1.54789754745066,NA,0.736887094667419
"19","a_kam","diffusion",-4.62862081901199,3.58304749433598,-0.759714972890778,-1.6368608465986,-0.230198308917834,5.90175252055643,0.425782489905542
"20","a_kam","null",-4.63066407865702,3.58124851356143,-0.759149290708986,-1.63641348409374,-0.231151623445424,NA,0.425788140409801
"21","j_turbot","diffusion",-6.54636460481232,3.77857556298535,-1.0378568789864,-1.57697276727083,-1.02208519131736,6.38054354327257,0.787145136739895
"22","j_turbot","null",-6.53539752911382,3.780967850012,-1.03896201903864,-1.57750875710497,-1.02227837100283,NA,0.787344147945885
"23","a_turbot","diffusion",-4.296794567076,4.15474449860474,-0.839166194538766,-2.18232924959332,0.136089841857184,3.26493679750196,0.30330581357944
"24","a_turbot","null",-4.50515659101099,3.54401012723744,-0.670554729218326,-2.20016910391479,0.11722888100386,NA,0.305292165957027
"25","halibut","diffusion",-0.374013860742261,-0.191309496051745,-0.405689438662232,-1.38837584876747,-0.359158156004533,3.38599660548369,0.0618535001200293
"26","halibut","null",-0.413352158864576,-0.196646209219099,-0.355725264108681,-1.38790492749567,-0.361045263170527,NA,0.0619023560583429
"27","ej_fhs","diffusion",-6.22821379097203,-2.56543638615892,-1.46473038544528,-2.32526766034019,-0.27918636659196,6.75292765567935,0.850736644854219
"28","ej_fhs","null",-6.25790337548919,-2.58242631349071,-1.44519272434003,-2.32485555644178,-0.284698608332731,NA,0.85067988404259
"29","j_fhs","diffusion",-2.95859392154166,-0.383886727650358,-1.36801456115,-2.31923354984661,-0.428219906227253,5.83348920940299,0.493748545903684
"30","j_fhs","null",-2.94705721953618,-0.387179369413862,-1.36516809966857,-2.31791226972409,-0.429885820678679,NA,0.493709716417013
"31","a_fhs","diffusion",-1.65508049227279,2.53392628048595,-1.8844231418108,-2.20317872855039,-0.323902176294357,3.65011553151205,0.506875154480771
"32","a_fhs","null",-1.86737185694035,2.25533279787947,-1.70751401311181,-2.19760184405443,-0.351362880791309,NA,0.507143281752361
"33","j_berfl","diffusion",-7.75616443976647,-19.7752901059925,-33.9382998700362,-1.89443393345273,-1.11840539427396,1.798344456483,0.659393812880157
"34","j_berfl","null",-7.06660110547179,-8.04152823957649,-14.4092369767396,-1.94980601235878,-1.06328924626474,NA,0.658897105392754
"35","a_berfl","diffusion",-11.3846088905031,-30.3314712798383,-42.8661013588533,-1.76888054592557,-1.16190385780345,1.62527347622871,0.626346791120611
"36","a_berfl","null",-9.49318021893866,-12.8881110570231,-18.4583315135351,-1.83228395845903,-1.12957998845411,NA,0.625268814342263
"37","j_rex","diffusion",-6.06411816703225,2.44307572740112,-2.03331226212014,-2.65597655471342,0.045769902956756,3.12357028455457,0.66950217482166
"38","j_rex","null",-6.90603063985935,1.4489092576486,-1.44658465018599,-2.6309360177116,-0.0790829274481091,NA,0.670565127706022
"39","a_rex","diffusion",-4.19241325621442,5.66920687989943,-3.07463987029011,-2.68635763736773,0.104696697591751,3.07174378143613,0.543813001298321
"40","a_rex","null",-5.40747265812842,3.99251939638843,-2.23851658601336,-2.64980721441251,-0.0985852761135987,NA,0.549154949636577
"41","ej_yfs","diffusion",-10.4600695425302,-17.9450217947196,-12.2999913645699,-1.98888673991602,-0.910273392490214,8.91518534818564,0.943681660868422
"42","ej_yfs","null",-10.6676736250926,-17.8038398667676,-12.1887335295285,-1.98599637701342,-0.925851527641109,NA,0.943948531129232
"43","j_yfs","diffusion",-2.2728743733254,-19.1269023760191,-8.06232063634073,-1.80501071633113,-0.555247506780384,-5.792127406101,0.296005356715008
"44","j_yfs","null",-1.15478149462079,-6.69845591517431,-5.44114213557394,-1.73918778094643,-1.15129899433795,NA,0.296872123857598
"45","a_yfs","diffusion",-1.51297980916645,-8.01766054329893,-7.83188237183703,-1.72942856530569,-0.935785183461674,2.938339649772,0.255175987804604
"46","a_yfs","null",-1.54464995711373,-7.67952839589732,-7.71232864412709,-1.73064079828194,-0.98820379690667,NA,0.255208021661488
"47","lhdab","diffusion",-9.12902172535432,-6.7088303571689,-0.915456272431309,-1.99950160380628,-0.779886394354384,8.45277222496049,0.845178518485571
"48","lhdab","null",-13.5147170019216,-26.3642712887124,-18.8288767729042,-1.99429732272439,-0.734861665778103,NA,0.845318276705703
"49","a_starry","diffusion",-15.4695439129825,-31.6048099804939,-23.0781018930063,-2.02520118760206,-0.738116538400843,7.29761573507867,0.840059214172121
"50","a_starry","null",-15.4698037056575,-31.6053546199332,-23.0785649339095,-2.02520427491981,-0.738097735659116,NA,0.84005911732968
"51","ej_nrs","diffusion",-13.2894059399486,-18.0644618388547,-7.85472641933211,-1.10686206897325,5.36791807948176,8.54571947345504,2.18775703578737
"52","ej_nrs","null",-13.2893303327085,-18.0640566950175,-7.85425709971698,-3.91436721823142,7.48336565604646,NA,2.18775736733255
"53","j_nrs","diffusion",-6.37909929598221,-5.7685024598591,0.75761353898942,-1.72806081145548,-0.927871755912288,3.34626219906042,1.43149073811739
"54","j_nrs","null",-6.49275405256075,-5.66580641970576,0.826832232787972,-1.72445742022979,-0.951852991425498,NA,1.43152369093638
"55","a_nrs","diffusion",-2.8717998436272,-4.32106308582466,-0.83062696096899,-1.84984515732689,-0.432349283972788,4.75472941184608,1.25877623697868
"56","a_nrs","null",-2.87995610489515,-4.32833190514189,-0.836078783495104,-1.84916683456612,-0.432822082296789,NA,1.25878861193123
"57","j_akplce","diffusion",-5.03213001588423,-16.8555347170185,-0.743894156090698,-2.17388291928239,0.316641738250046,-5.14640869657471,0.435878649121911
"58","j_akplce","null",-2.81545437429557,-5.47050251410895,-3.88704283136853,-1.97508742165333,-0.557005230154121,NA,0.437251051664143
"59","a_akplce","diffusion",-4.51025478974801,-14.3573730909953,-1.24148915685034,-2.31335479749619,0.22634734176076,-0.314510396790332,0.405012731686206
"60","a_akplce","null",-2.91128903518867,-7.08905299196151,-9.86987459329814,-2.21242778861267,-0.440650984172053,NA,0.405506385796969
"61","a_yil","diffusion",-8.20197476165364,-1.9014065111685,-4.72205849967245,-3.74163790480476,2.44864804453068,7.09369879589165,2.0882217682013
"62","a_yil","null",-8.20207179410833,-1.9019770024627,-4.72295040547405,-3.7418946635105,2.44877891426365,NA,2.08822583870008
"63","j_great","diffusion",-5.34464148132367,-5.1304482948056,0.653529046702861,-1.47756112243909,-0.459735152083957,0.989028188969615,0.605467370121379
"64","j_great","null",-4.6598843426016,-1.93897285459076,-0.128636534757719,-1.5622759704811,-0.387540077527508,NA,0.603784289803004
"65","a_great","diffusion",-7.85844338678107,-6.53521029662309,1.23009116171768,-1.57858462272001,-0.76538739914892,0.68820835586897,0.629481179285739
"66","a_great","null",-6.34467692344714,-2.01505070775796,-0.154911290742201,-1.75855947335293,-0.224399382867511,NA,0.627279178653002
"67","a_bigmouth","diffusion",1.97424010509972,2.7691087560714,-1.20073763032915,-1.66539285191593,-1.67991136499501,7.43792282245144,0.434496156928682
"68","a_bigmouth","null",-7.65339005632018,2.85918423441577,-1.24022955030671,-1.7195785318187,-0.911087829058916,NA,0.435281982653781
"69","ej_pcod","diffusion",-6.83572445938646,-7.0385766100249,-3.29639952829064,-1.9226492830188,0.035082172475041,9.66485509146562,0.881801550597974
"70","ej_pcod","null",-6.83784732943578,-7.05263622973227,-3.31512626914271,-1.92265506581047,0.0349633075511255,NA,0.881805704840405
"71","j_pcod","diffusion",0.631504067579846,-1.06232463094434,-1.43835416173734,-1.35519339296571,-0.782800201129047,4.04648793608135,0.372723907288696
"72","j_pcod","null",0.58308056554912,-1.11499262045065,-1.38467152408493,-1.35292597999812,-0.785120766396927,NA,0.372838579590971
"73","a_pcod","diffusion",0.848139744861302,-0.672354913876319,-1.31717604534352,-0.844632073042784,-0.852199370796901,6.16690454323827,0.199314771632375
"74","a_pcod","null",0.847177665287816,-0.6731918664987,-1.31659893906534,-0.845160818596621,-0.851833358063933,NA,0.199320377326895
"75","ej_poll","diffusion",-1.9610597680614,-4.42688998700754,-3.6004704743752,-1.29441169095276,-0.871738505889758,3.58983820891637,0.932944322172065
"76","ej_poll","null",-1.99495960147724,-4.60719206036324,-3.97567433328589,-1.29311881589937,-0.881429966861886,NA,0.932985184871857
"77","j_poll","diffusion",-3.18239494322707,-3.58779451393813,0.485879257884054,-1.72672474661786,-0.830658160650485,3.23018377639885,0.892511135245777
"78","j_poll","null",-3.23828429489248,-3.35140230923619,0.462354516604782,-1.73630177524163,-0.841792274413475,NA,0.89252693207122
"79","a_poll","diffusion",1.63700161766919,-2.02794889982366,-0.00722640000121817,-2.00914454763622,-0.0923246022337538,5.93037801189216,0.719835279106164
"80","a_poll","null",1.63685406121213,-2.02710469135722,-0.00736193865945515,-2.01009611663743,-0.089203255952306,NA,0.719818320820005
"81","cap","diffusion",-7.23086183556506,-9.39482316330795,6.56284736763201,-1.31709405245617,-1.02864745762024,-7.03692830409476,0.955367450150634
"82","cap","null",-5.67063686249562,-4.58882115680517,-5.36060979280575,-1.3537967745687,-1.54432548513147,NA,0.954082240084642
"83","tanner","diffusion",-4.7973910899119,-2.76132709737407,-0.294841263884483,-1.90340542645522,-0.867187608597755,3.70986767928768,0.506639102372612
"84","tanner","null",-4.93481655642326,-2.83586165969709,-0.1722940594868,-1.91156572487004,-0.863642822919677,NA,0.50651826216613
"85","snow","diffusion",-0.861604970826608,-1.49131095471392,-0.560282986802147,-2.02262016555635,-0.723851058020317,3.20260553417622,0.62990451545675
"86","snow","null",-0.957180446045732,-1.40339631687923,-0.484469375667576,-2.02870633547497,-0.735667121097998,NA,0.629742160489298
"87","rking","diffusion",-13.9287527583818,-31.9376672055983,-18.0678978671692,-1.74714722512366,-0.786263205711405,0.787336681750446,0.368974681083103
"88","rking","null",-10.1908555204131,-19.4214909213449,-18.8889151865901,-1.89535114019971,-0.748301488845704,NA,0.368143892169164
"89","bking","diffusion",-10.4721106682388,-11.9272401390951,-8.05583947534511,-2.09821002607354,-0.5211836656437,1.74025205621953,0.399158197327949
"90","bking","null",-10.2558798031972,-11.6050212369069,-10.8760083485676,-2.11050225098336,-0.54787358739734,NA,0.399515886869
