X,life_stage,species,Common name,NOTE,common_name2,sc_name,family,sp,abb_name
a_poll,a,poll,alaska pollock,NA,alaska pollock,Gadus chalcogrammus,Gadus,chalcogrammus,<i>G. chalcogrammus</i> (a)
a_starry,a,starry,adult starry flounder,NA,starry flounder,Platichthys stellatus,Platichthys,stellatus,<i>P. stellatus</i> (a)
a_nrs,a,nrs,adult northern rock sole,NA,northern rock sole,Lepidopsetta polyxystra,Lepidopsetta,polyxystra,<i>L. polyxystra</i> (a)
ej_yfs,ej,yfs,early juvenile yellowfin sole,NA,yellowfin sole,Limanda aspera,Limanda,aspera,<i>L. aspera</i> (ej)
ej_nrs,ej,nrs,juvenile northern rock sole,NA,northern rock sole,Lepidopsetta polyxystra,Lepidopsetta,polyxystra,<i>L. polyxystra</i> (ej)
lhdab,NA,NA,longhead dab,NA,longhead dab,Myzopsetta proboscidea,Myzopsetta,proboscidea,<i>M. proboscidea</i>
ej_pcod,ej,pcod,early juvenile pacific cod,NA,pacific cod,Gadus macrocephalus,Gadus,macrocephalus,<i>G. macrocephalus</i> (ej)
a_pcod,a,pcod,adult pacific cod,NA,pacific cod,Gadus macrocephalus,Gadus,macrocephalus,<i>G. macrocephalus</i> (a)
a_ak_sk,a,ak,adult alaska skate,NA,alaska skate,Bathyraja parmifera,Bathyraja,parmifera,<i>B. parmifera</i> (a)
j_fhs,j,fhs,juvenile flathead sole,NA,flathead sole,Hippoglossoides elassodon,Hippoglossoides,elassodon,<i>H. elassodon</i> (j)
a_bigmouth,a,bigmouth,adult bigmouth sculpin,NA,bigmouth sculpin,Hemitripterus bolini,Hemitripterus,bolini,<i>H. bolini</i> (a)
halibut,NA,NA,pacific halibut,NA,pacific halibut,Hippoglossus stenolepis,Hippoglossus,stenolepis,<i>H. stenolepis</i>
a_yfs,a,yfs,adult yellowfin sole,a_yfs,yellowfin sole,Limanda aspera,Limanda,aspera,<i>L. aspera</i> (a)
a_great,a,great,adult great sculpin,NA,great sculpin,Myoxocephalus polyacanthocephalus,Myoxocephalus,polyacanthocephalus,<i>M. polyacanthocephalus</i> (a)
j_turbot,j,turbot,juvenile greenland turbot,NA,greenland turbot,Reinhardtius hippoglossoides,Reinhardtius,hippoglossoides,<i>R. hippoglossoides</i> (j)
ej_fhs,ej,fhs,early juvenile flathead sole,NA,flathead sole,Hippoglossoides elassodon,Hippoglossoides,elassodon,<i>H. elassodon</i> (ej)
j_nrs,j,nrs,juvenile northern rock sole,NA,northern rock sole,Lepidopsetta polyxystra,Lepidopsetta,polyxystra,<i>L. polyxystra</i> (j)
a_fhs,a,fhs,adult flathead sole,NA,flathead sole,Hippoglossoides elassodon,Hippoglossoides,elassodon,<i>H. elassodon</i> (a)
j_yfs,j,yfs,juvenile yellowfin sole,NA,yellowfin sole,Limanda aspera,Limanda,aspera,<i>L. aspera</i> (j)
a_ber_sk,a,ber,adult bering skate,NA,bering skate,Bathyraja interrupta,Bathyraja,interrupta,<i>B. interrupta</i> (a)
j_ak_sk,j,ak,juvenile alaska skate,NA,alaska skate,Bathyraja parmifera,Bathyraja,parmifera,<i>B. parmifera</i> (j)
bking,NA,NA,bristol bay red king crab,NA,bristol bay red king crab,Paralithodes camtschaticus,Paralithodes,camtschaticus,<i>P. camtschaticus</i> (Bb)
a_atf,a,atf,adult arrowtooth flounder,NA,arrowtooth flounder,Atheresthes stomias,Atheresthes,stomias,<i>A. stomias</i> (a)
snow,NA,NA,snow crab,NA,snow crab,Chionoecetes opilio,Chionoecetes,opilio,<i>C. opilio</i>
cap,NA,NA,capelin,NA,capelin,Mallotus villosus,Mallotus,villosus,<i>M. villosus</i>
j_poll,j,poll,juvenile pollock,NA,pollock,Pollachius virens,Pollachius,virens,<i>P. virens</i> (j)
j_pcod,j,pcod,juvenile pacific cod,NA,pacific cod,Gadus macrocephalus,Gadus,macrocephalus,<i>G. macrocephalus</i> (j)
a_kam,a,kam,adult kamchatka flounder,NA,kamchatka flounder,Atheresthes evermanni,Atheresthes,evermanni,<i>A. evermanni</i> (a)
j_berfl,j,berfl,juvenile bering sea flounder,NA,bering sea flounder,Hippoglossoides robustus,Hippoglossoides,robustus,<i>H. robustus</i> (j)
j_rex,j,rex,juvenile rex sole,NA,rex sole,Glyptocephalus zachirus,Glyptocephalus,zachirus,<i>G. zachirus</i> (j)
a_berfl,a,berfl,adult bering sea flounder,NA,bering sea flounder,Hippoglossoides robustus,Hippoglossoides,robustus,<i>H. robustus</i> (a)
ej_poll,ej,poll,early juvenile pollock,NA,pollock,Pollachius virens,Pollachius,virens,<i>P. virens</i> (ej)
j_great,j,great,juvenile great skulpin,NA,great skulpin,Myoxocephalus polyacanthocephalus,Myoxocephalus,polyacanthocephalus,<i>M. polyacanthocephalus</i> (j)
tanner,NA,NA,tanner crab,NA,tanner crab,Chionoecetes bairdi,Chionoecetes,bairdi,<i>C. bairdi</i>
j_atf,j,atf,juvenile arrowtooth flounder,NA,arrowtooth flounder,Atheresthes stomias,Atheresthes,stomias,<i>A. stomias</i> (j)
a_rex,a,rex,adult rex sole,NA,rex sole,Glyptocephalus zachirus,Glyptocephalus,zachirus,<i>G. zachirus</i> (a)
ej_atf,ej,atf,early juvenile arrowtooth flounder,NA,arrowtooth flounder,Atheresthes stomias,Atheresthes,stomias,<i>A. stomias</i> (ej)
j_akplce,j,akplce,juvenile alaska plaice,NA,alaska plaice,Pleuronectes quadrituberculatus,Pleuronectes,quadrituberculatus,<i>P. quadrituberculatus</i> (j)
a_turbot,a,turbot,adult greenland turbot,NA,greenland turbot,Reinhardtius hippoglossoides,Reinhardtius,hippoglossoides,<i>R. hippoglossoides</i> (a)
a_akplce,a,akplce,adult alaska plaice,NA,alaska plaice,Pleuronectes quadrituberculatus,Pleuronectes,quadrituberculatus,<i>P. quadrituberculatus</i> (a)
j_kam,j,kam,juvenile kamchatka flounder,NA,kamchatka flounder,Atheresthes evermanni,Atheresthes,evermanni,<i>A. evermanni</i> (j)
rking,NA,NA,red king crab,NA,red king crab,Paralithodes camtschaticus,Paralithodes,camtschaticus,<i>P. camtschaticus</i>
j_ber_sk,j,ber,juvenile bering skate,NA,bering skate,Bathyraja interrupta,Bathyraja,interrupta,<i>B. interrupta</i> (j)
a_yil,a,yil,adult yellow irish lord,NA,yellow irish lord,Hemilepidotus jordani,Hemilepidotus,jordani,<i>H. jordani</i> (a)
j_alt_sk,j,alt,juvenile aleutian skate?,NA, aleutian skate,Bathyraja aleutica,Bathyraja,aleutica,<i>B. aleutica</i> (j)
